{"cameraMode":{"drawMode":0,"name":"Shaded","section":"Shading Mode"},"sceneLighting":false,"audioPlay":false,"sceneViewState":{"m_AlwaysRefresh":false,"showFog":true,"showSkybox":false,"showFlares":true,"showImageEffects":true,"showParticleSystems":true,"showVisualEffectGraphs":true,"m_FxEnabled":true},"in2DMode":false,"pivot":{"x":-2.8837802410125734,"y":-12.230340003967286,"z":2.8816678524017336},"rotation":{"x":-0.47000932693481448,"y":0.06663089245557785,"z":-0.035575106739997867,"w":-0.8794550895690918},"size":0.8660253882408142,"orthographic":false}